Country,Sex,80_above,70to79,60to69,50to59,40to49,30to39,20to29,10to19,all_age
Afghanistan,Both sexes,42.0,11.0,5.5,5.6,6.6,9.2,10.2,3.1,93.19999999999999
Afghanistan,Male,70.4,20.9,9.8,9.3,10.5,15.1,16.3,4.8,157.10000000000002
Afghanistan,Female,20.1,2.3,1.4,1.6,2.3,2.7,3.5,1.2,35.1
Albania,Both sexes,16.3,8.3,6.0,7.8,9.1,6.1,6.5,5.0,65.10000000000001
Albania,Male,23.2,11.9,8.1,11.4,13.5,8.8,6.3,3.1,86.30000000000001
Albania,Female,10.9,4.9,3.9,4.4,5.0,3.4,6.6,7.0,46.1
Algeria,Both sexes,9.4,5.6,4.2,4.1,4.7,5.3,4.2,1.3,38.8
Algeria,Male,12.7,8.4,6.2,6.2,7.0,7.9,6.2,1.6,56.2
Algeria,Female,6.4,3.0,2.2,2.0,2.4,2.6,2.1,1.0,21.700000000000003
Angola,Both sexes,63.5,42.1,23.8,14.8,7.0,5.4,6.6,2.6,165.79999999999998
Angola,Male,123.2,68.2,34.7,21.8,10.7,8.4,10.4,3.8,281.2
Angola,Female,25.3,21.7,14.5,8.6,3.5,2.5,2.9,1.4,80.39999999999999
Antigua and Barbuda,Both sexes,0.0,0.0,8.1,0.0,0.0,0.0,0.0,0.0,8.1
Antigua and Barbuda,Male,0.0,0.0,0.0,0.0,0.0,0.0,0.0,0.0,0.0
Antigua and Barbuda,Female,0.0,0.0,15.8,0.0,0.0,0.0,0.0,0.0,15.8
Argentina,Both sexes,15.8,11.6,10.0,9.5,9.8,10.8,15.3,8.6,91.4
Argentina,Male,41.6,22.7,17.2,15.1,15.5,17.8,25.3,12.7,167.89999999999998
Argentina,Female,4.1,3.7,3.9,4.3,4.2,3.7,5.0,4.3,33.2
Armenia,Both sexes,27.9,17.4,10.1,8.4,9.0,5.4,4.5,2.2,84.9
Armenia,Male,41.0,28.1,17.8,15.9,17.2,10.1,8.2,3.5,141.8
Armenia,Female,20.2,10.4,4.4,2.6,2.3,1.4,0.9,0.6,42.8
Australia,Both sexes,28.8,13.1,12.9,18.2,19.7,16.3,13.9,5.6,128.5
Australia,Male,41.2,19.8,19.8,27.5,30.2,24.7,20.7,7.3,191.2
Australia,Female,20.1,6.7,6.2,9.0,9.4,8.0,6.8,3.9,70.1
Austria,Both sexes,40.9,25.1,17.8,23.1,15.7,13.1,10.8,4.5,151.0
Austria,Male,91.8,40.6,27.4,33.1,23.8,19.9,17.1,5.2,258.9
Austria,Female,12.7,12.4,9.0,13.2,7.6,6.3,4.3,3.7,69.19999999999999
Azerbaijan,Both sexes,7.7,6.6,4.5,4.1,3.5,3.2,2.2,1.4,33.2
Azerbaijan,Male,12.5,10.4,7.3,7.0,6.2,5.4,3.4,2.1,54.300000000000004
Azerbaijan,Female,5.0,4.0,2.1,1.4,1.0,1.0,0.9,0.6,16.0
Bahamas,Both sexes,4.3,3.0,2.6,2.6,2.2,1.9,1.8,0.8,19.2
Bahamas,Male,8.1,5.4,4.8,4.6,4.0,3.7,3.1,1.0,34.7
Bahamas,Female,2.4,1.3,0.9,0.8,0.5,0.2,0.4,0.6,7.1000000000000005
Bahrain,Both sexes,25.2,11.0,6.2,4.8,6.1,8.1,8.8,3.0,73.2
Bahrain,Male,40.8,17.7,8.2,6.5,8.6,10.6,11.7,4.3,108.4
Bahrain,Female,11.5,4.2,3.2,1.9,1.4,2.7,3.1,1.5,29.499999999999996
Bangladesh,Both sexes,30.0,12.8,7.7,4.9,4.6,6.6,9.5,6.2,82.3
Bangladesh,Male,51.4,19.2,9.3,6.2,4.8,4.9,5.7,2.7,104.19999999999999
Bangladesh,Female,10.2,6.4,6.1,3.6,4.5,8.2,13.3,9.8,62.099999999999994
Barbados,Both sexes,9.7,4.4,0.0,0.3,0.4,0.4,0.0,0.0,15.200000000000001
Barbados,Male,26.6,0.0,0.0,0.6,0.9,0.8,0.0,0.0,28.900000000000002
Barbados,Female,0.0,7.8,0.0,0.0,0.0,0.0,0.0,0.0,7.8
Belarus,Both sexes,40.6,32.4,32.0,39.9,39.9,30.6,18.9,4.8,239.10000000000002
Belarus,Male,96.1,76.8,65.3,75.9,70.4,52.1,32.3,7.6,476.5
Belarus,Female,22.9,11.4,8.9,9.5,11.8,9.0,4.8,1.8,80.1
Belgium,Both sexes,53.4,27.5,24.2,32.3,29.1,18.3,13.4,3.6,201.8
Belgium,Male,71.8,37.2,32.7,41.8,40.2,28.2,21.0,4.9,277.8
Belgium,Female,42.9,19.6,16.2,22.7,17.6,8.4,5.6,2.1,135.10000000000002
Belize,Both sexes,22.4,18.0,15.1,10.5,7.2,4.0,5.4,2.8,85.4
Belize,Male,36.2,29.0,25.9,17.8,12.8,7.6,9.0,3.5,141.8
Belize,Female,10.4,7.0,4.1,3.0,1.9,0.6,1.8,2.0,30.8
Benin,Both sexes,90.0,60.4,36.6,24.5,15.6,13.9,14.0,4.5,259.5
Benin,Male,146.4,81.1,47.3,33.0,22.6,21.6,21.8,6.6,380.4
Benin,Female,55.6,45.8,27.6,16.7,9.0,6.2,6.1,2.4,169.39999999999998
Bhutan,Both sexes,18.9,13.7,12.6,16.3,19.3,19.4,13.5,4.9,118.6
Bhutan,Male,28.7,17.1,13.8,18.9,23.3,23.3,16.7,5.2,147.0
Bhutan,Female,7.7,9.6,11.2,13.2,14.5,14.3,10.0,4.6,85.1
Bolivia (Plurinational State of),Both sexes,14.1,13.4,15.0,15.0,15.6,17.0,21.2,10.4,121.7
Bolivia (Plurinational State of),Male,19.4,18.0,20.2,20.0,21.2,23.4,28.7,10.8,161.7
Bolivia (Plurinational State of),Female,10.2,9.2,10.0,10.1,10.1,10.6,13.6,10.0,83.8
Bosnia and Herzegovina,Both sexes,21.0,19.6,12.7,12.3,11.1,6.7,3.8,1.7,88.89999999999999
Bosnia and Herzegovina,Male,41.5,34.9,22.7,19.3,18.4,10.4,6.2,2.5,155.9
Bosnia and Herzegovina,Female,9.7,8.6,4.2,5.4,3.9,2.8,1.2,0.8,36.599999999999994
Botswana,Both sexes,48.9,32.0,21.8,20.3,15.3,12.1,10.6,3.5,164.5
Botswana,Male,89.2,49.6,33.4,31.5,23.5,19.2,17.6,5.3,269.3
Botswana,Female,28.9,20.3,12.9,11.2,7.4,4.9,3.4,1.6,90.60000000000001
Brazil,Both sexes,19.5,11.9,9.2,9.3,8.6,8.1,6.9,2.7,76.2
Brazil,Male,31.9,19.4,14.6,14.6,13.6,12.8,11.3,3.8,122.0
Brazil,Female,12.3,6.3,4.7,4.5,4.0,3.4,2.5,1.6,39.3
Brunei Darussalam,Both sexes,10.5,9.8,7.3,7.2,7.8,5.4,5.7,0.6,54.3
Brunei Darussalam,Male,13.6,11.4,9.1,8.6,11.3,8.6,8.0,0.7,71.3
Brunei Darussalam,Female,8.1,8.4,5.6,5.7,4.1,1.9,3.2,0.4,37.4
Bulgaria,Both sexes,35.3,23.2,15.4,13.8,10.3,8.8,6.2,2.9,115.9
Bulgaria,Male,64.5,41.3,27.3,22.9,16.2,14.2,9.6,4.2,200.2
Bulgaria,Female,18.9,11.0,5.5,4.9,4.1,3.1,2.6,1.6,51.699999999999996
Burkina Faso,Both sexes,108.0,68.0,37.7,23.4,13.9,12.0,9.6,3.1,275.7
Burkina Faso,Male,214.7,111.6,54.9,34.0,21.2,15.7,12.1,4.0,468.19999999999993
Burkina Faso,Female,47.4,40.5,25.7,14.8,7.1,8.4,7.1,2.1,153.1
Burundi,Both sexes,93.7,58.2,31.0,23.9,15.1,12.9,12.9,5.7,253.4
Burundi,Male,174.8,94.0,45.2,34.8,22.6,19.7,19.8,7.8,418.70000000000005
Burundi,Female,34.0,28.3,17.3,13.5,7.9,6.4,6.5,3.6,117.5
Cabo Verde,Both sexes,116.3,61.3,44.4,31.6,16.8,8.0,6.9,2.2,287.5
Cabo Verde,Male,178.9,95.8,73.2,50.2,26.2,13.0,11.2,3.4,451.90000000000003
Cabo Verde,Female,79.2,39.8,22.2,15.4,7.1,2.5,2.6,0.9,169.7
Cambodia,Both sexes,15.5,13.1,10.2,5.1,6.8,9.5,8.0,2.4,70.6
Cambodia,Male,25.5,21.6,14.8,7.3,10.8,15.4,11.8,3.1,110.30000000000001
Cambodia,Female,9.3,7.4,7.1,3.3,3.2,4.0,4.2,1.6,40.1
Cameroon,Both sexes,113.3,78.1,46.3,29.2,18.8,17.6,16.6,6.3,326.2
Cameroon,Male,168.3,97.2,55.5,37.2,27.2,27.1,25.5,9.2,447.2
Cameroon,Female,72.5,62.0,38.0,21.5,10.4,8.1,7.5,3.4,223.4
Canada,Both sexes,21.8,12.1,13.6,19.7,17.4,12.4,12.0,5.1,114.1
Canada,Male,29.7,19.5,21.2,29.0,25.3,18.0,17.6,5.9,166.2
Canada,Female,16.8,5.5,6.2,10.2,9.5,6.9,6.3,4.2,65.6
Central African Republic,Both sexes,51.7,37.0,23.8,18.8,12.6,12.2,11.7,3.8,171.60000000000002
Central African Republic,Male,98.8,59.8,35.1,27.6,19.5,18.3,18.3,5.3,282.7
Central African Republic,Female,21.8,19.3,14.1,10.6,5.7,6.3,5.2,2.3,85.3
Chad,Both sexes,76.8,55.9,33.3,25.9,16.7,14.7,13.8,4.9,241.99999999999997
Chad,Male,83.8,49.4,29.7,24.5,19.8,19.4,19.3,5.6,251.49999999999997
Chad,Female,71.7,61.5,36.4,27.1,13.5,9.9,8.2,4.2,232.5
Chile,Both sexes,15.3,15.5,12.9,14.3,14.4,13.0,12.9,4.9,103.2
Chile,Male,39.4,30.2,22.7,22.6,23.2,21.1,20.6,6.6,186.39999999999998
Chile,Female,2.5,4.1,4.1,6.2,5.6,4.7,4.8,3.1,35.1
China,Both sexes,61.3,44.0,23.4,10.5,6.3,6.0,5.0,1.9,158.39999999999998
China,Male,73.2,51.2,24.2,9.0,4.8,4.7,4.4,1.5,173.00000000000003
China,Female,52.3,37.1,22.6,12.1,7.8,7.4,5.7,2.3,147.3
Colombia,Both sexes,10.1,10.1,8.7,8.0,7.0,7.8,11.2,7.3,70.19999999999999
Colombia,Male,22.9,20.6,16.2,13.9,11.9,13.0,17.9,9.6,126.0
Colombia,Female,1.8,1.9,2.3,2.7,2.3,2.8,4.4,5.0,23.2
Comoros,Both sexes,70.1,50.1,28.1,20.0,11.4,7.9,7.6,2.4,197.6
Comoros,Male,138.1,85.6,43.5,30.4,17.2,11.5,10.7,3.1,340.1
Comoros,Female,24.6,21.1,13.9,9.8,5.5,4.2,4.4,1.7,85.2
Congo,Both sexes,55.9,36.8,22.4,16.1,9.5,7.7,6.8,2.6,157.79999999999998
Congo,Male,99.4,57.8,33.5,23.4,13.4,10.5,10.2,3.7,251.89999999999998
Congo,Female,23.0,19.0,12.2,8.8,5.6,4.9,3.4,1.5,78.4
Costa Rica,Both sexes,9.4,8.7,8.3,11.5,10.4,10.1,11.0,4.4,73.80000000000001
Costa Rica,Male,14.5,17.4,15.6,20.0,18.0,17.2,18.5,6.5,127.7
Costa Rica,Female,5.7,0.9,1.3,3.4,2.9,2.8,3.3,2.3,22.6
Côte d'Ivoire,Both sexes,130.7,88.4,51.8,33.6,23.6,21.1,20.1,8.1,377.4
Côte d'Ivoire,Male,202.6,123.2,67.3,45.5,32.9,30.0,28.8,10.9,541.2
Côte d'Ivoire,Female,52.0,46.5,33.0,19.8,13.7,12.2,11.4,5.2,193.8
Croatia,Both sexes,40.9,30.7,25.5,22.2,17.0,12.1,8.9,3.4,160.7
Croatia,Male,91.5,52.9,38.6,37.0,23.7,20.2,14.7,5.8,284.4
Croatia,Female,17.6,15.6,14.0,8.1,10.2,3.9,2.8,0.9,73.10000000000001
Cuba,Both sexes,51.9,32.7,25.7,17.8,13.8,9.7,6.6,2.4,160.6
Cuba,Male,101.0,54.4,39.9,27.8,22.1,16.3,10.2,3.6,275.3
Cuba,Female,16.5,13.1,12.0,7.9,5.4,2.8,2.8,1.2,61.7
Cyprus,Both sexes,6.8,7.4,8.9,6.3,6.2,6.1,6.2,1.6,49.5
Cyprus,Male,9.3,14.7,12.9,9.9,11.0,9.7,8.2,3.1,78.8
Cyprus,Female,5.2,1.2,5.0,2.7,1.7,2.5,3.8,0.0,22.1
Czechia,Both sexes,22.4,18.8,17.0,18.6,15.8,12.8,11.6,4.0,121.00000000000001
Czechia,Male,55.4,36.1,28.5,29.8,25.5,18.7,19.2,5.6,218.8
Czechia,Female,6.0,6.1,6.8,7.4,5.6,6.4,3.6,2.4,44.3
Democratic People's Republic of Korea,Both sexes,40.9,33.8,26.3,11.3,7.9,12.9,13.6,4.4,151.09999999999997
Democratic People's Republic of Korea,Male,100.0,69.8,46.5,16.2,9.4,13.9,13.1,3.6,272.5
Democratic People's Republic of Korea,Female,27.2,14.2,10.2,6.7,6.3,11.8,14.1,5.3,95.8
Democratic Republic of the Congo,Both sexes,57.5,39.3,23.4,15.6,9.5,8.4,7.0,3.3,164.0
Democratic Republic of the Congo,Male,106.0,61.5,34.2,23.8,15.0,12.6,11.0,4.7,268.8
Democratic Republic of the Congo,Female,24.7,21.5,13.8,7.8,4.2,4.1,3.1,1.9,81.10000000000001
Denmark,Both sexes,49.6,20.0,17.1,17.6,16.7,9.2,6.1,2.2,138.5
Denmark,Male,56.4,29.1,23.9,25.7,25.7,12.7,9.0,3.1,185.6
Denmark,Female,45.3,11.8,10.5,9.4,7.5,5.6,3.1,1.3,94.5
Djibouti,Both sexes,52.2,33.8,17.5,11.8,8.0,7.6,8.2,3.4,142.5
Djibouti,Male,91.2,50.9,24.1,15.9,11.0,10.2,10.9,4.4,218.6
Djibouti,Female,22.9,18.9,11.6,7.7,5.1,4.9,5.4,2.4,78.89999999999999
Dominican Republic,Both sexes,22.0,16.8,15.4,12.6,13.4,16.2,15.4,3.8,115.6
Dominican Republic,Male,32.8,28.0,27.1,22.3,23.8,28.6,26.1,5.3,194.0
Dominican Republic,Female,13.1,6.6,4.3,3.1,3.3,4.2,4.7,2.2,41.5
Ecuador,Both sexes,16.5,10.8,8.6,6.6,7.1,8.3,10.5,8.8,77.2
Ecuador,Male,30.1,18.6,14.4,10.5,12.0,12.9,14.8,10.0,123.3
Ecuador,Female,6.2,4.0,3.2,2.8,2.3,3.7,6.1,7.6,35.9
Egypt,Both sexes,8.6,6.5,6.0,6.4,5.1,6.2,6.4,2.3,47.5
Egypt,Male,13.7,10.8,9.4,10.7,8.8,10.4,10.4,3.4,77.6
Egypt,Female,5.5,3.2,2.9,2.1,1.4,2.0,2.3,1.2,20.6
El Salvador,Both sexes,14.0,11.0,11.2,11.9,13.1,18.2,30.1,10.9,120.4
El Salvador,Male,27.6,22.3,23.5,24.8,25.6,35.5,53.5,14.2,227.0
El Salvador,Female,4.1,2.3,2.1,2.3,3.4,4.5,8.8,7.6,35.099999999999994
Equatorial Guinea,Both sexes,95.4,68.1,41.4,30.3,23.5,25.5,25.5,7.1,316.79999999999995
Equatorial Guinea,Male,171.8,106.8,59.0,42.7,31.9,33.0,35.1,10.3,490.6
Equatorial Guinea,Female,31.7,31.1,23.2,16.1,11.3,13.4,11.4,3.8,142.0
Eritrea,Both sexes,84.1,62.8,38.9,29.2,14.5,9.1,6.6,2.2,247.39999999999998
Eritrea,Male,165.4,105.0,58.4,45.3,23.8,14.6,10.8,3.4,426.7
Eritrea,Female,28.0,27.3,21.3,14.2,5.7,3.7,2.4,0.9,103.5
Estonia,Both sexes,36.2,28.3,21.0,24.5,17.8,17.7,15.8,8.4,169.7
Estonia,Male,83.2,59.5,42.5,42.3,29.3,28.1,28.5,14.8,328.2
Estonia,Female,20.2,11.4,5.4,8.6,6.3,6.8,2.3,1.6,62.6
Eswatini,Both sexes,46.1,31.5,23.3,24.7,22.8,21.4,21.4,7.7,198.89999999999998
Eswatini,Male,77.4,44.5,34.4,38.0,34.4,32.5,33.5,10.6,305.3
Eswatini,Female,29.5,22.8,15.8,15.8,13.5,11.0,9.3,4.8,122.5
Ethiopia,Both sexes,87.6,51.4,24.7,16.0,11.5,9.7,8.1,3.6,212.6
Ethiopia,Male,160.5,86.3,39.4,26.3,18.5,15.3,13.0,5.3,364.6
Ethiopia,Female,26.6,21.0,11.7,6.9,4.5,4.3,3.3,1.9,80.2
Fiji,Both sexes,43.6,14.3,5.3,3.2,6.4,7.5,9.6,1.2,91.10000000000001
Fiji,Male,111.2,18.0,6.1,4.3,10.9,13.2,13.6,0.9,178.2
Fiji,Female,0.0,11.3,4.5,2.2,1.7,1.5,5.2,1.5,27.9
Finland,Both sexes,22.0,18.7,16.5,22.4,19.9,18.7,20.6,4.9,143.7
Finland,Male,40.3,29.5,24.7,32.9,30.5,27.6,31.5,6.8,223.8
Finland,Female,12.3,9.7,8.8,12.0,8.9,9.2,9.2,2.8,72.9
France,Both sexes,73.4,27.2,20.3,23.2,21.8,13.4,8.0,2.2,189.50000000000003
France,Male,96.8,37.2,28.1,35.0,33.9,20.6,12.0,2.9,266.5
France,Female,60.1,18.5,13.0,11.8,9.6,5.9,3.9,1.5,124.29999999999998
Gabon,Both sexes,64.4,41.1,23.7,14.5,8.3,7.1,7.1,4.4,170.6
Gabon,Male,123.1,67.4,35.7,21.5,12.0,10.4,11.2,7.0,288.29999999999995
Gabon,Female,24.2,19.4,12.1,7.0,4.0,3.2,2.8,1.8,74.5
Gambia,Both sexes,78.9,52.5,28.1,15.3,6.4,5.8,7.7,2.5,197.20000000000002
Gambia,Male,110.0,63.0,32.9,18.5,8.8,8.8,10.5,2.7,255.20000000000002
Gambia,Female,50.1,41.6,22.9,12.4,4.2,3.1,5.0,2.3,141.6
Georgia,Both sexes,20.9,15.3,12.6,12.5,9.7,7.3,6.0,2.8,87.10000000000001
Georgia,Male,42.6,29.4,23.2,22.8,17.6,13.7,10.7,4.4,164.4
Georgia,Female,10.5,6.8,4.6,3.6,2.2,1.2,1.1,1.0,31.0
Germany,Both sexes,39.2,23.2,16.1,17.3,13.3,10.4,7.6,2.6,129.70000000000002
Germany,Male,68.9,35.8,23.2,25.0,19.3,15.9,11.5,3.3,202.9
Germany,Female,22.2,12.5,9.4,9.4,7.1,4.7,3.4,1.8,70.5
Ghana,Both sexes,70.7,46.9,23.6,12.5,7.5,6.1,5.3,1.9,174.5
Ghana,Male,165.0,88.5,42.7,22.4,13.2,9.9,7.6,2.3,351.6
Ghana,Female,15.7,12.0,6.6,3.4,2.2,2.5,3.0,1.4,46.800000000000004
Greece,Both sexes,7.2,6.4,7.1,7.5,6.4,4.3,4.0,0.7,43.6
Greece,Male,14.3,12.0,11.7,12.3,10.3,6.1,6.3,1.1,74.1
Greece,Female,2.4,1.8,3.0,2.8,2.5,2.4,1.5,0.3,16.7
Grenada,Both sexes,51.6,0.0,14.3,0.0,0.0,0.0,0.0,0.0,65.9
Grenada,Male,0.0,0.0,29.4,0.0,0.0,0.0,0.0,0.0,29.4
Grenada,Female,79.1,0.0,0.0,0.0,0.0,0.0,0.0,0.0,79.1
Guatemala,Both sexes,7.4,2.8,4.1,3.1,3.5,3.2,4.3,3.1,31.5
Guatemala,Male,6.6,5.3,7.8,5.6,6.5,5.1,5.9,2.6,45.4
Guatemala,Female,8.0,0.8,1.1,1.0,0.9,1.5,2.6,3.6,19.5
Guinea,Both sexes,78.5,50.5,27.8,15.9,8.7,7.3,7.9,2.7,199.29999999999998
Guinea,Male,102.2,55.1,31.1,18.7,11.6,10.0,9.9,3.0,241.60000000000002
Guinea,Female,59.9,46.5,24.8,13.3,5.8,4.5,5.8,2.4,163.0
Guinea-Bissau,Both sexes,66.9,42.4,22.9,9.3,5.7,4.5,3.8,1.5,157.0
Guinea-Bissau,Male,87.3,46.5,24.6,11.2,7.5,6.1,5.0,1.9,190.10000000000002
Guinea-Bissau,Female,52.3,39.4,21.5,7.5,4.0,3.0,2.6,1.1,131.39999999999998
Guyana,Both sexes,38.6,29.8,31.7,46.6,54.8,40.0,38.0,18.3,297.79999999999995
Guyana,Male,91.4,53.6,52.1,73.8,86.5,66.2,56.0,18.2,497.79999999999995
Guyana,Female,0.0,9.9,13.2,19.1,21.8,15.0,19.3,18.4,116.69999999999999
Haiti,Both sexes,15.0,12.7,11.6,10.7,13.6,18.8,21.5,9.7,113.6
Haiti,Male,24.7,20.6,19.3,17.5,22.3,30.3,31.5,10.4,176.6
Haiti,Female,8.3,6.4,4.9,4.4,5.6,7.8,11.6,9.1,58.099999999999994
Honduras,Both sexes,15.8,5.3,4.9,5.4,4.4,4.5,4.0,1.3,45.6
Honduras,Male,27.9,7.8,8.4,8.5,7.1,7.2,5.7,1.5,74.1
Honduras,Female,7.2,3.3,1.9,2.6,1.9,1.9,2.2,1.1,22.1
Hungary,Both sexes,47.4,37.3,28.1,30.0,21.3,13.7,8.9,2.7,189.39999999999998
Hungary,Male,99.3,67.5,48.3,47.5,32.7,21.2,14.1,4.1,334.70000000000005
Hungary,Female,25.9,19.0,12.2,14.2,9.8,6.0,3.5,1.3,91.9
Iceland,Both sexes,8.0,8.5,24.0,13.4,20.4,21.2,14.9,10.8,121.19999999999999
Iceland,Male,0.0,12.2,37.4,17.7,38.2,30.5,25.1,21.2,182.3
Iceland,Female,13.7,5.1,10.3,9.3,2.4,11.6,4.2,0.0,56.599999999999994
India,Both sexes,24.5,21.9,17.5,16.8,17.7,22.9,30.3,11.2,162.79999999999998
India,Male,37.7,25.3,21.7,22.5,24.2,29.4,27.8,7.8,196.39999999999998
India,Female,13.6,18.9,13.3,10.9,10.9,15.8,33.1,15.0,131.5
Indonesia,Both sexes,14.4,7.9,6.6,4.6,4.5,3.6,5.1,2.0,48.7
Indonesia,Male,18.2,12.0,9.4,6.9,6.4,4.9,7.4,2.7,67.9
Indonesia,Female,12.0,4.6,3.7,2.4,2.6,2.2,2.6,1.3,31.400000000000006
Iran (Islamic Republic of),Both sexes,14.3,8.8,4.6,3.7,3.5,5.0,6.8,2.8,49.5
Iran (Islamic Republic of),Male,18.2,11.4,5.9,5.2,4.7,6.9,8.0,2.3,62.60000000000001
Iran (Islamic Republic of),Female,10.0,5.7,3.3,2.2,2.3,3.3,5.6,3.3,35.699999999999996
Iraq,Both sexes,9.1,5.8,5.6,6.6,7.0,5.4,4.8,1.2,45.5
Iraq,Male,11.9,7.1,6.5,8.3,7.8,6.3,5.4,1.3,54.599999999999994
Iraq,Female,7.4,4.8,4.8,5.0,6.1,4.5,4.2,1.0,37.8
Ireland,Both sexes,11.0,8.2,12.4,19.5,18.0,13.7,15.8,4.1,102.69999999999999
Ireland,Male,11.7,13.0,22.0,31.8,29.2,22.7,25.8,5.9,162.1
Ireland,Female,10.6,3.8,3.1,7.4,6.8,5.2,5.9,2.2,45.0
Israel,Both sexes,19.0,9.8,7.9,9.4,8.4,5.7,5.9,1.4,67.5
Israel,Male,27.5,13.6,12.2,15.0,14.3,8.2,9.7,2.1,102.6
Israel,Female,13.5,6.6,4.0,4.1,2.7,3.1,2.0,0.7,36.7
Italy,Both sexes,22.9,13.3,10.2,9.5,8.1,6.4,5.0,1.4,76.80000000000001
Italy,Male,37.0,20.6,15.7,13.9,12.4,10.1,8.1,1.8,119.6
Italy,Female,14.6,7.2,5.1,5.2,3.8,2.6,1.9,0.9,41.3
Jamaica,Both sexes,5.3,3.7,2.8,2.9,2.7,2.5,2.8,1.2,23.9
Jamaica,Male,6.7,5.5,4.4,4.9,4.3,4.1,4.3,1.4,35.599999999999994
Jamaica,Female,4.3,2.1,1.2,1.0,1.0,1.0,1.3,0.9,12.8
Japan,Both sexes,27.8,25.7,20.8,23.9,20.7,18.6,18.6,4.8,160.9
Japan,Male,42.6,35.5,28.9,34.5,29.8,26.8,27.1,6.6,231.8
Japan,Female,19.7,17.5,12.9,13.1,11.3,10.0,9.6,3.0,97.1
Jordan,Both sexes,18.8,9.9,5.8,4.9,5.2,4.6,3.9,1.1,54.2
Jordan,Male,25.8,14.2,7.7,6.5,6.0,5.7,4.7,1.2,71.80000000000001
Jordan,Female,13.2,6.0,4.1,3.2,4.3,3.4,3.0,1.0,38.2
Kazakhstan,Both sexes,50.1,30.0,29.2,32.8,37.9,38.5,21.7,9.9,250.1
Kazakhstan,Male,90.6,61.9,57.8,61.6,67.9,66.0,35.7,13.3,454.79999999999995
Kazakhstan,Female,33.7,13.2,9.1,8.3,9.9,11.2,7.8,6.2,99.4
Kenya,Both sexes,56.2,28.0,12.7,8.4,4.8,3.6,3.8,1.4,118.9
Kenya,Male,107.7,49.0,21.1,13.7,7.8,6.0,6.4,2.4,214.1
Kenya,Female,17.1,11.1,5.7,3.7,1.9,1.3,1.2,0.5,42.5
Kiribati,Both sexes,37.1,18.8,14.5,10.4,11.1,16.7,33.5,16.0,158.10000000000002
Kiribati,Male,71.0,30.5,23.5,17.6,19.7,30.2,57.4,24.2,274.1
Kiribati,Female,21.6,11.3,7.2,4.2,3.4,4.5,9.0,7.3,68.5
Kuwait,Both sexes,0.0,4.9,2.6,2.3,2.1,3.4,4.3,0.8,20.4
Kuwait,Male,0.0,0.0,4.0,3.7,2.7,3.3,4.9,1.3,19.9
Kuwait,Female,0.0,11.7,0.0,0.0,1.0,3.4,3.6,0.3,20.0
Kyrgyzstan,Both sexes,14.3,9.0,10.4,11.7,14.8,13.6,9.2,7.3,90.30000000000001
Kyrgyzstan,Male,14.2,18.0,18.1,21.3,25.8,23.2,14.4,8.7,143.7
Kyrgyzstan,Female,14.4,3.3,4.4,3.1,4.3,3.9,4.0,5.9,43.3
Lao People's Democratic Republic,Both sexes,28.7,16.5,11.7,9.7,9.8,11.1,16.1,6.3,109.89999999999999
Lao People's Democratic Republic,Male,44.4,25.7,16.9,13.7,13.6,15.0,21.4,7.8,158.5
Lao People's Democratic Republic,Female,18.1,9.5,7.1,5.9,6.1,7.3,10.7,4.8,69.5
Latvia,Both sexes,31.7,23.7,25.6,30.8,25.4,27.3,18.0,5.4,187.9
Latvia,Male,74.0,54.5,46.5,57.7,43.4,47.2,30.5,9.3,363.09999999999997
Latvia,Female,17.6,8.2,11.1,8.0,8.4,6.7,4.8,1.3,66.10000000000001
Lebanon,Both sexes,11.3,7.6,5.7,5.2,4.5,3.9,3.7,1.0,42.9
Lebanon,Male,16.6,11.2,8.1,7.2,6.4,4.4,3.7,1.0,58.6
Lebanon,Female,7.2,4.0,3.2,2.4,2.3,3.3,3.7,0.9,26.999999999999996
Lesotho,Both sexes,164.7,97.1,55.4,48.5,35.7,28.7,23.3,9.7,463.0999999999999
Lesotho,Male,80.8,45.4,33.1,33.7,29.8,30.4,27.4,8.8,289.4
Lesotho,Female,210.4,133.7,69.9,56.9,40.7,26.9,19.1,10.6,568.2
Liberia,Both sexes,132.1,86.9,45.3,19.2,9.1,5.9,4.6,2.1,305.2
Liberia,Male,140.0,75.2,39.8,19.8,11.2,8.0,6.2,2.6,302.79999999999995
Liberia,Female,126.0,97.1,50.1,18.6,7.1,3.8,2.9,1.5,307.1
Libya,Both sexes,15.1,9.8,7.2,7.8,8.5,7.7,6.6,1.8,64.5
Libya,Male,23.9,16.1,11.6,13.3,13.7,12.2,10.0,2.6,103.4
Libya,Female,8.7,4.4,3.1,2.5,3.0,3.2,3.3,1.0,29.2
Lithuania,Both sexes,46.0,37.5,40.4,46.0,42.2,36.3,27.1,8.1,283.6
Lithuania,Male,126.6,81.6,78.5,85.4,75.0,63.2,49.6,13.4,573.3
Lithuania,Female,18.0,13.9,13.3,12.3,12.0,9.2,3.2,2.5,84.4
Luxembourg,Both sexes,32.8,38.5,21.1,19.2,14.1,9.1,8.0,4.8,147.6
Luxembourg,Male,44.4,50.2,28.9,28.6,20.5,13.0,12.8,6.7,205.1
Luxembourg,Female,26.1,28.6,13.1,9.3,7.3,5.3,3.0,2.9,95.6
Madagascar,Both sexes,56.2,35.9,18.4,11.3,6.6,4.1,3.3,1.9,137.7
Madagascar,Male,98.6,57.6,27.0,16.3,9.8,5.8,4.8,2.7,222.6
Madagascar,Female,20.4,18.1,10.7,6.5,3.5,2.3,1.9,1.1,64.5
Malawi,Both sexes,90.8,46.6,19.8,11.7,6.1,3.9,3.2,1.3,183.4
Malawi,Male,178.0,80.1,33.9,20.8,10.1,6.5,5.2,2.0,336.6
Malawi,Female,32.5,21.6,9.5,4.7,2.2,1.4,1.2,0.6,73.7
Malaysia,Both sexes,47.3,24.3,15.8,10.9,5.9,4.4,4.0,1.9,114.5
Malaysia,Male,60.1,33.6,21.9,15.8,8.5,6.4,6.0,2.9,155.20000000000002
Malaysia,Female,36.4,15.6,9.7,5.7,3.2,2.2,1.8,0.9,75.5
Maldives,Both sexes,26.0,14.0,5.7,2.6,1.9,1.8,2.8,1.2,56.0
Maldives,Male,34.9,19.5,7.8,3.7,2.6,2.4,3.5,1.0,75.4
Maldives,Female,14.3,8.2,3.4,1.3,0.9,0.8,1.6,1.4,31.9
Mali,Both sexes,69.2,39.4,20.8,12.6,7.4,6.7,7.4,2.8,166.3
Mali,Male,113.9,60.1,30.0,18.8,12.0,11.0,10.8,3.6,260.2
Mali,Female,31.9,23.3,13.4,7.3,3.0,2.5,3.9,1.9,87.2
Malta,Both sexes,12.4,8.8,3.8,13.2,13.0,7.7,5.3,4.8,69.0
Malta,Male,33.0,14.0,6.8,20.9,22.1,12.6,8.3,4.2,121.9
Malta,Female,0.0,4.3,1.0,5.5,3.5,2.4,2.1,5.3,24.1
Mauritania,Both sexes,60.5,37.3,20.7,12.9,6.8,4.6,4.3,1.4,148.5
Mauritania,Male,112.3,61.9,32.0,19.9,10.9,7.2,6.5,1.8,252.5
Mauritania,Female,25.8,19.6,10.9,6.1,2.7,1.9,2.0,1.0,70.0
Mauritius,Both sexes,4.0,5.5,6.4,7.4,11.0,11.8,12.9,3.7,62.7
Mauritius,Male,11.5,12.9,11.9,12.7,18.4,19.2,20.4,7.4,114.39999999999999
Mauritius,Female,0.0,0.0,1.5,2.3,3.5,4.4,5.2,0.0,16.900000000000002
Mexico,Both sexes,15.7,7.9,6.1,5.9,6.0,6.5,7.5,4.2,59.8
Mexico,Male,24.8,13.0,10.7,10.1,10.2,10.4,11.8,5.3,96.3
Mexico,Female,9.5,3.3,1.9,2.0,1.9,2.7,3.1,3.1,27.5
Micronesia (Federated States of),Both sexes,39.7,17.6,13.8,9.3,8.0,12.2,21.9,10.8,133.3
Micronesia (Federated States of),Male,61.3,25.4,19.7,14.1,12.7,18.4,31.5,13.6,196.7
Micronesia (Federated States of),Female,24.7,11.7,8.2,4.7,4.3,5.1,11.2,7.8,77.69999999999999
Mongolia,Both sexes,19.0,15.9,12.5,17.4,22.2,21.7,16.4,6.9,132.0
Mongolia,Male,42.8,27.4,20.4,31.5,40.0,39.3,27.8,10.7,239.89999999999998
Mongolia,Female,6.6,7.4,6.1,5.2,5.1,3.7,4.8,3.1,42.0
Montenegro,Both sexes,42.0,25.3,17.9,13.0,9.5,8.2,6.4,2.4,124.69999999999999
Montenegro,Male,70.8,40.5,27.7,18.7,14.3,13.8,10.7,4.0,200.5
Montenegro,Female,23.9,14.5,9.0,7.3,4.8,2.5,1.8,0.6,64.4
Morocco,Both sexes,18.5,7.9,4.6,3.3,3.4,3.8,3.8,1.1,46.4
Morocco,Male,16.2,7.5,3.1,2.4,3.1,3.7,2.8,0.8,39.6
Morocco,Female,20.0,8.2,6.0,4.2,3.7,3.9,4.8,1.5,52.3
Mozambique,Both sexes,76.3,41.9,17.1,11.5,7.2,6.5,6.1,2.9,169.49999999999997
Mozambique,Male,154.6,72.0,25.5,18.4,11.3,10.4,9.5,4.2,305.9
Mozambique,Female,27.7,20.4,10.4,6.0,3.8,2.9,2.8,1.5,75.5
Myanmar,Both sexes,26.6,15.7,11.7,8.8,8.8,10.3,12.3,4.7,98.9
Myanmar,Male,17.8,14.4,10.8,7.4,6.4,7.6,9.6,3.3,77.30000000000001
Myanmar,Female,32.1,16.7,12.4,10.1,11.0,12.9,15.0,6.2,116.39999999999999
Namibia,Both sexes,39.1,26.5,19.7,20.8,15.8,12.7,11.4,4.6,150.6
Namibia,Male,75.9,44.2,32.7,34.2,25.8,21.7,19.9,7.2,261.6
Namibia,Female,18.7,14.8,10.6,10.1,6.9,4.3,3.1,2.0,70.5
Nepal,Both sexes,38.6,18.4,12.5,10.8,9.6,10.8,15.8,6.0,122.5
Nepal,Male,59.0,24.8,17.6,15.7,12.5,11.9,16.4,5.0,162.89999999999998
Nepal,Female,22.8,12.7,8.1,5.9,7.0,9.9,15.3,7.0,88.7
Netherlands,Both sexes,32.8,16.9,17.3,19.3,15.0,12.3,8.3,2.4,124.3
Netherlands,Male,37.6,21.2,23.3,25.8,20.3,16.9,11.5,2.9,159.5
Netherlands,Female,29.9,13.0,11.4,12.8,9.7,7.6,5.1,1.8,91.29999999999998
New Zealand,Both sexes,21.7,9.0,8.1,14.6,16.4,14.3,18.1,11.2,113.4
New Zealand,Male,24.4,16.5,12.7,20.8,27.3,21.6,27.1,14.2,164.60000000000002
New Zealand,Female,19.7,2.2,3.8,8.9,6.5,7.5,8.7,8.1,65.39999999999999
Nicaragua,Both sexes,9.4,7.9,8.2,9.8,12.2,17.0,24.2,11.6,100.3
Nicaragua,Male,19.4,15.4,15.5,18.1,21.1,29.4,38.9,13.2,171.0
Nicaragua,Female,2.4,1.8,2.4,2.9,4.5,5.2,9.0,10.0,38.2
Niger,Both sexes,69.1,42.1,22.8,15.9,7.8,5.6,5.2,3.1,171.59999999999997
Niger,Male,94.7,49.6,26.5,18.0,10.2,8.6,7.7,4.0,219.3
Niger,Female,49.2,36.2,18.8,13.2,5.4,2.8,3.0,2.1,130.70000000000002
Nigeria,Both sexes,127.0,86.9,48.8,26.0,14.6,12.1,11.4,4.0,330.8
Nigeria,Male,130.7,74.0,41.7,25.0,17.0,14.7,13.9,4.3,321.29999999999995
Nigeria,Female,123.9,98.6,55.4,27.1,12.2,9.5,8.9,3.7,339.3
Norway,Both sexes,32.1,12.4,16.3,17.6,15.1,13.1,12.2,3.0,121.80000000000001
Norway,Male,37.1,17.4,20.9,22.8,20.2,18.7,17.0,3.9,158.0
Norway,Female,29.1,7.9,11.7,12.1,9.6,7.1,7.1,2.2,86.8
Oman,Both sexes,11.7,5.6,3.3,3.6,4.0,5.2,6.3,1.4,41.099999999999994
Oman,Male,16.4,8.5,4.7,4.7,5.1,6.7,8.5,2.4,57.0
Oman,Female,7.9,2.5,1.7,1.0,0.9,1.1,1.2,0.4,16.700000000000003
Pakistan,Both sexes,7.5,4.0,2.9,2.7,2.9,3.8,5.5,3.1,32.4
Pakistan,Male,7.5,4.0,3.2,3.2,3.6,4.5,4.9,2.1,33.0
Pakistan,Female,7.5,4.0,2.7,2.1,2.2,3.1,6.1,4.3,32.0
Panama,Both sexes,9.5,7.0,4.2,5.2,4.9,5.9,6.8,3.5,47.0
Panama,Male,15.7,13.5,8.1,8.7,8.7,10.3,11.9,5.5,82.4
Panama,Female,4.5,1.2,0.6,1.8,1.1,1.4,1.6,1.4,13.6
Papua New Guinea,Both sexes,20.6,12.0,10.6,7.9,6.5,7.8,11.2,5.2,81.8
Papua New Guinea,Male,33.0,17.1,15.3,11.6,10.0,12.2,16.3,6.5,122.0
Papua New Guinea,Female,13.7,8.2,6.5,4.2,2.8,3.2,5.9,3.8,48.3
Paraguay,Both sexes,11.0,7.8,8.3,7.6,8.2,11.4,19.9,9.6,83.80000000000001
Paraguay,Male,19.9,12.9,12.8,10.6,11.3,15.4,27.0,9.5,119.4
Paraguay,Female,4.2,3.1,3.7,4.5,5.0,7.1,12.6,9.7,49.9
Peru,Both sexes,11.7,8.7,8.3,7.2,6.8,6.3,6.5,2.8,58.3
Peru,Male,17.5,13.9,14.1,11.9,10.5,9.3,9.0,2.9,89.1
Peru,Female,7.8,4.1,3.1,2.8,3.1,3.1,3.9,2.6,30.499999999999996
Philippines,Both sexes,35.1,8.7,4.1,3.8,3.3,3.6,5.0,2.5,66.1
Philippines,Male,39.3,13.3,7.2,5.9,4.9,5.6,6.8,2.9,85.89999999999999
Philippines,Female,32.6,5.3,1.3,1.8,1.7,1.5,3.1,2.1,49.4
Poland,Both sexes,14.5,16.0,21.7,27.7,20.8,15.7,15.7,5.4,137.5
Poland,Male,35.8,33.3,40.1,49.4,35.5,27.9,28.2,8.4,258.6
Poland,Female,5.1,4.7,6.3,7.2,6.0,3.2,2.6,2.2,37.3
Portugal,Both sexes,47.3,28.7,18.1,16.8,13.8,8.7,4.7,1.3,139.4
Portugal,Male,94.9,48.4,29.6,26.5,22.0,14.5,7.9,1.9,245.7
Portugal,Female,20.2,13.6,8.2,8.1,6.1,3.2,1.5,0.7,61.599999999999994
Qatar,Both sexes,17.1,8.7,10.7,5.9,6.1,7.1,9.8,2.9,68.30000000000001
Qatar,Male,26.3,11.5,12.6,7.0,7.5,8.7,11.8,4.7,90.1
Qatar,Female,5.2,3.4,3.7,1.1,1.0,1.1,1.2,0.3,17.0
Republic of Korea,Both sexes,83.6,64.5,34.2,35.6,30.6,26.0,14.2,4.4,293.1
Republic of Korea,Male,155.0,104.4,54.2,56.8,44.1,33.9,16.9,4.9,470.2
Republic of Korea,Female,51.5,33.4,15.5,14.6,16.5,17.6,11.1,3.9,164.1
Republic of Moldova,Both sexes,19.7,13.6,26.9,27.8,23.8,13.6,11.4,7.1,143.9
Republic of Moldova,Male,34.5,23.4,51.3,53.6,44.5,23.2,19.2,11.1,260.8
Republic of Moldova,Female,12.9,7.9,8.7,5.9,4.3,3.7,3.5,2.9,49.8
Republic of North Macedonia,Both sexes,29.1,19.1,12.9,12.7,7.6,6.7,4.3,1.9,94.30000000000001
Republic of North Macedonia,Male,46.1,32.7,19.5,20.4,11.3,10.6,6.0,2.6,149.20000000000002
Republic of North Macedonia,Female,17.7,8.4,6.9,5.0,3.9,2.5,2.5,1.2,48.1
Romania,Both sexes,16.0,16.2,16.4,16.8,13.3,8.9,5.7,2.9,96.20000000000002
Romania,Male,31.6,32.3,30.1,30.9,22.4,15.0,9.4,4.1,175.8
Romania,Female,7.2,5.8,5.2,3.5,3.9,2.5,1.7,1.6,31.4
Russian Federation,Both sexes,46.7,35.2,30.8,37.7,38.4,49.7,33.1,8.2,279.79999999999995
Russian Federation,Male,101.0,76.6,61.4,72.4,70.0,88.4,56.5,11.9,538.2
Russian Federation,Female,28.4,15.6,9.8,8.9,9.0,11.5,8.8,4.3,96.30000000000001
Rwanda,Both sexes,93.4,48.3,24.3,17.5,9.7,8.0,8.0,3.0,212.2
Rwanda,Male,168.5,76.9,35.3,25.7,14.9,12.4,11.6,4.1,349.4
Rwanda,Female,40.7,28.4,15.1,9.3,4.9,4.1,4.5,1.9,108.9
Saint Lucia,Both sexes,7.2,9.5,12.3,9.3,12.7,7.9,8.9,4.4,72.2
Saint Lucia,Male,18.0,20.8,25.4,19.2,18.7,13.4,15.4,6.3,137.2
Saint Lucia,Female,0.0,0.0,0.0,0.0,7.1,2.7,2.5,2.5,14.8
Saint Vincent and the Grenadines,Both sexes,0.0,9.0,2.7,0.9,3.6,0.7,4.7,3.0,24.6
Saint Vincent and the Grenadines,Male,0.0,19.5,5.4,1.8,5.6,0.0,9.2,3.1,44.599999999999994
Saint Vincent and the Grenadines,Female,0.0,0.0,0.0,0.0,1.4,1.4,0.0,3.0,5.8
Samoa,Both sexes,30.1,15.7,12.6,7.0,5.3,4.8,5.8,2.6,83.9
Samoa,Male,53.9,26.2,20.4,11.3,8.7,8.0,9.0,3.6,141.1
Samoa,Female,17.8,7.7,5.2,2.5,1.5,1.5,2.3,1.6,40.1
Sao Tome and Principe,Both sexes,15.0,7.4,4.9,3.9,3.0,3.3,4.5,1.4,43.4
Sao Tome and Principe,Male,18.6,10.4,7.3,5.7,3.9,4.6,6.1,1.7,58.3
Sao Tome and Principe,Female,11.0,5.9,3.1,2.5,2.1,2.0,3.0,1.1,30.7
Saudi Arabia,Both sexes,8.5,8.2,6.2,4.8,4.9,3.5,4.0,1.6,41.7
Saudi Arabia,Male,11.6,12.3,8.1,6.0,6.3,4.7,5.8,2.4,57.2
Saudi Arabia,Female,5.8,3.7,3.3,2.4,2.5,1.9,1.9,0.8,22.3
Senegal,Both sexes,119.9,70.8,33.7,18.5,8.7,5.8,4.9,2.3,264.59999999999997
Senegal,Male,231.3,121.0,56.4,31.7,15.2,9.5,7.3,3.4,475.79999999999995
Senegal,Female,44.1,33.1,16.3,8.1,3.3,2.4,2.6,1.2,111.1
Serbia,Both sexes,64.6,43.2,22.2,22.2,15.7,10.1,5.9,1.3,185.2
Serbia,Male,121.1,70.6,35.4,35.3,23.9,15.0,9.1,2.2,312.59999999999997
Serbia,Female,33.7,23.0,10.6,9.8,7.6,5.1,2.5,0.3,92.6
Seychelles,Both sexes,25.3,18.6,16.8,14.6,13.8,9.5,8.2,1.5,108.30000000000001
Seychelles,Male,47.8,35.2,30.4,27.0,25.0,16.9,13.9,2.1,198.3
Seychelles,Female,14.3,5.9,3.5,2.9,3.1,2.1,1.7,0.9,34.400000000000006
Sierra Leone,Both sexes,93.7,65.6,39.3,24.9,15.9,13.2,14.8,4.1,271.5
Sierra Leone,Male,112.8,66.9,37.7,23.7,17.8,17.4,19.8,5.2,301.3
Sierra Leone,Female,76.6,64.4,40.8,26.0,14.0,9.1,10.0,3.0,243.9
Singapore,Both sexes,26.8,22.8,15.6,12.4,11.3,7.6,7.6,3.7,107.8
Singapore,Male,46.1,36.5,22.8,18.2,14.8,9.8,10.7,4.0,162.89999999999998
Singapore,Female,14.7,11.0,8.6,6.6,7.9,5.6,4.3,3.3,62.0
Slovakia,Both sexes,21.7,19.5,17.6,21.9,16.6,11.8,9.2,2.5,120.80000000000001
Slovakia,Male,55.5,43.0,32.4,37.8,29.1,20.6,16.1,4.1,238.6
Slovakia,Female,6.7,4.8,5.2,6.8,3.8,2.5,2.1,0.9,32.8
Slovenia,Both sexes,38.9,35.8,26.7,26.4,19.1,14.2,12.3,3.0,176.39999999999998
Slovenia,Male,96.4,60.0,41.0,44.8,30.8,23.7,20.9,4.9,322.5
Slovenia,Female,12.2,17.0,12.8,7.6,6.6,3.8,3.1,0.9,63.99999999999999
Solomon Islands,Both sexes,32.4,13.7,8.9,5.8,4.3,5.3,9.7,4.7,84.8
Solomon Islands,Male,46.3,18.0,12.9,8.7,6.6,8.3,14.3,6.0,121.10000000000001
Solomon Islands,Female,18.8,9.1,5.0,2.7,2.0,2.4,4.9,3.2,48.1
Somalia,Both sexes,49.9,34.2,18.4,12.4,9.2,7.6,6.5,2.4,140.6
Somalia,Male,84.0,48.9,23.3,15.7,12.2,10.4,9.6,3.0,207.10000000000002
Somalia,Female,23.9,20.7,13.4,9.1,6.3,4.9,3.5,1.8,83.6
South Africa,Both sexes,33.3,28.1,23.9,24.7,18.5,14.4,12.6,4.2,159.7
South Africa,Male,61.6,48.9,41.7,42.9,31.5,23.7,20.6,6.1,277.0
South Africa,Female,22.1,15.5,10.4,9.4,6.1,4.7,4.4,2.3,74.9
South Sudan,Both sexes,42.7,27.6,14.4,9.7,5.6,4.7,4.7,1.6,111.0
South Sudan,Male,71.6,39.4,18.2,12.4,7.3,6.5,6.3,1.8,163.5
South Sudan,Female,21.0,17.5,10.9,7.2,3.9,2.8,3.1,1.3,67.7
Spain,Both sexes,21.2,14.2,10.6,11.8,10.6,6.6,5.1,1.5,81.6
Spain,Male,41.3,22.7,15.9,18.1,15.6,9.8,7.6,2.0,133.0
Spain,Female,9.5,7.2,5.8,5.6,5.4,3.3,2.5,1.0,40.3
Sri Lanka,Both sexes,50.9,27.2,19.0,17.0,18.4,17.3,21.9,6.2,177.89999999999998
Sri Lanka,Male,84.7,46.1,32.2,30.1,32.5,29.9,34.6,6.2,296.3
Sri Lanka,Female,28.2,13.0,7.8,5.1,5.0,6.0,10.2,6.2,81.5
Sudan,Both sexes,9.5,6.9,5.7,6.7,11.7,18.3,18.1,5.3,82.2
Sudan,Male,14.0,10.5,8.6,10.3,18.7,29.5,27.2,6.8,125.6
Sudan,Female,6.0,3.7,3.0,3.3,4.9,7.6,8.8,3.7,41.0
Suriname,Both sexes,61.0,40.6,34.1,38.5,30.7,31.6,26.0,11.3,273.79999999999995
Suriname,Male,95.0,65.3,58.7,61.3,51.6,48.4,41.9,10.2,432.4
Suriname,Female,39.2,23.2,13.0,15.9,9.6,14.7,9.3,12.4,137.3
Sweden,Both sexes,45.3,18.4,17.3,20.3,16.6,15.1,13.5,3.5,150.0
Sweden,Male,47.0,26.1,23.5,26.2,23.3,21.8,18.2,4.5,190.6
Sweden,Female,44.2,11.2,11.1,14.1,9.7,8.1,8.6,2.4,109.4
Switzerland,Both sexes,84.6,28.1,21.5,21.7,14.9,9.8,9.0,4.1,193.7
Switzerland,Male,107.3,37.5,30.3,29.3,21.1,13.9,13.6,5.8,258.8
Switzerland,Female,71.1,20.0,13.0,13.9,8.6,5.8,4.3,2.4,139.1
Syrian Arab Republic,Both sexes,10.0,4.4,2.7,2.8,3.4,3.9,3.1,0.7,31.0
Syrian Arab Republic,Male,12.5,6.4,4.0,4.7,5.9,6.5,4.6,0.9,45.5
Syrian Arab Republic,Female,8.0,2.9,1.5,1.2,1.1,1.3,1.5,0.5,18.0
Tajikistan,Both sexes,12.4,9.1,7.6,6.0,4.7,3.6,2.3,1.0,46.7
Tajikistan,Male,17.1,11.2,10.6,10.6,8.0,5.7,3.0,1.3,67.5
Tajikistan,Female,9.1,7.2,4.8,1.9,1.5,1.5,1.6,0.8,28.4
Thailand,Both sexes,27.3,22.6,17.8,17.0,15.0,20.4,18.0,5.6,143.7
Thailand,Male,38.9,34.4,26.1,26.3,25.9,36.3,30.9,9.2,228.0
Thailand,Female,19.5,13.3,10.6,8.5,4.9,4.8,5.0,1.8,68.4
Timor-Leste,Both sexes,27.4,15.9,11.5,7.7,6.8,6.2,9.6,3.0,88.1
Timor-Leste,Male,35.7,22.6,15.3,10.8,10.4,10.3,14.0,2.8,121.9
Timor-Leste,Female,21.8,10.2,7.8,4.5,3.0,2.1,5.2,3.3,57.9
Togo,Both sexes,124.5,77.3,43.3,24.8,15.6,12.9,10.7,4.0,313.09999999999997
Togo,Male,187.6,99.6,54.7,34.7,22.7,18.4,14.3,5.3,437.3
Togo,Female,75.5,58.3,33.0,15.5,8.7,7.4,7.0,2.8,208.20000000000002
Tonga,Both sexes,20.4,10.0,8.1,5.2,3.5,3.5,5.6,2.5,58.800000000000004
Tonga,Male,25.8,12.3,10.8,7.0,4.8,5.0,7.2,2.6,75.5
Tonga,Female,17.7,8.2,6.0,3.2,2.2,2.1,3.9,2.3,45.599999999999994
Trinidad and Tobago,Both sexes,17.6,15.2,16.9,10.1,17.4,19.6,21.9,7.3,126.0
Trinidad and Tobago,Male,50.9,29.5,28.0,17.3,29.3,33.2,36.7,10.6,235.5
Trinidad and Tobago,Female,0.0,4.4,6.6,3.2,5.7,6.1,6.9,3.8,36.7
Tunisia,Both sexes,13.2,8.2,5.9,5.6,4.5,3.7,3.1,0.9,45.099999999999994
Tunisia,Male,16.0,10.9,7.6,8.0,6.4,5.1,4.2,1.0,59.2
Tunisia,Female,11.2,5.9,4.3,3.3,2.7,2.3,2.0,0.9,32.6
Turkey,Both sexes,10.1,5.6,3.0,3.1,6.7,13.8,15.6,5.4,63.3
Turkey,Male,18.5,9.8,4.9,4.9,11.3,22.7,24.3,6.5,102.9
Turkey,Female,5.4,2.3,1.5,1.4,2.4,4.9,6.8,4.2,28.9
Turkmenistan,Both sexes,11.1,9.1,8.2,9.6,10.0,8.6,9.7,5.9,72.2
Turkmenistan,Male,17.2,13.3,13.3,17.0,17.6,14.5,13.6,6.2,112.7
Turkmenistan,Female,7.8,6.1,4.1,3.3,2.8,2.9,5.8,5.6,38.39999999999999
Uganda,Both sexes,153.3,99.1,47.8,29.6,17.9,14.5,14.3,5.3,381.8
Uganda,Male,176.6,88.6,41.9,30.6,20.2,18.1,17.9,6.1,400.0
Uganda,Female,137.2,107.0,52.2,28.8,15.6,10.9,10.7,4.6,367.0
Ukraine,Both sexes,34.2,27.9,25.0,29.8,30.5,27.3,20.4,6.7,201.8
Ukraine,Male,79.0,62.4,51.3,58.4,55.3,48.9,35.9,10.6,401.79999999999995
Ukraine,Female,17.4,10.4,7.2,6.4,7.8,5.8,4.2,2.5,61.7
United Arab Emirates,Both sexes,6.7,5.6,4.4,3.2,2.8,2.8,4.0,1.8,31.3
United Arab Emirates,Male,9.0,7.2,5.6,3.7,3.4,3.5,4.9,3.2,40.5
United Arab Emirates,Female,3.3,1.4,1.6,1.4,0.9,0.8,1.0,0.3,10.7
United Kingdom of Great Britain and Northern Ireland,Both sexes,15.4,7.4,8.5,13.4,15.0,10.8,8.6,2.2,81.30000000000001
United Kingdom of Great Britain and Northern Ireland,Male,19.7,11.3,13.0,20.8,24.0,16.7,13.4,3.2,122.1
United Kingdom of Great Britain and Northern Ireland,Female,12.6,3.9,4.2,6.2,6.1,4.9,3.5,1.2,42.599999999999994
United Republic of Tanzania,Both sexes,80.6,43.0,22.6,15.3,9.1,6.6,6.7,2.5,186.4
United Republic of Tanzania,Male,139.2,67.7,32.6,21.5,12.7,9.5,10.1,3.3,296.6
United Republic of Tanzania,Female,29.4,23.4,14.4,9.6,5.6,3.8,3.5,1.6,91.3
United States of America,Both sexes,25.1,18.4,17.9,21.7,19.3,19.2,18.0,6.3,145.89999999999998
United States of America,Male,49.7,32.5,27.9,32.0,28.5,29.4,28.9,9.0,237.89999999999998
United States of America,Female,9.6,6.6,8.8,11.6,10.1,9.0,6.6,3.4,65.69999999999999
Uruguay,Both sexes,38.9,32.7,23.6,22.1,22.0,20.6,23.0,8.1,191.0
Uruguay,Male,89.7,57.7,39.0,35.6,33.9,31.5,38.4,12.1,337.9
Uruguay,Female,17.5,15.1,10.4,9.8,10.4,9.8,7.1,3.9,84.0
Uzbekistan,Both sexes,4.8,6.6,7.1,7.5,9.7,9.3,10.6,9.0,64.6
Uzbekistan,Male,7.1,11.2,12.8,13.9,16.7,13.9,12.2,8.5,96.3
Uzbekistan,Female,3.5,3.1,2.2,1.7,3.0,4.7,9.0,9.6,36.8
Vanuatu,Both sexes,31.2,13.1,8.2,5.1,3.8,4.6,8.4,4.4,78.8
Vanuatu,Male,45.8,17.9,12.1,8.0,6.1,7.3,13.4,6.0,116.6
Vanuatu,Female,16.8,8.3,4.3,2.4,1.8,1.8,3.6,2.6,41.6
Venezuela (Bolivarian Republic of),Both sexes,8.9,7.1,5.7,4.6,4.0,4.6,5.4,3.0,43.3
Venezuela (Bolivarian Republic of),Male,20.5,12.5,10.3,8.2,6.8,8.2,9.5,4.3,80.3
Venezuela (Bolivarian Republic of),Female,2.2,2.7,1.5,1.1,1.2,1.1,1.3,1.7,12.8
Viet Nam,Both sexes,20.9,16.6,14.8,8.3,7.7,10.3,9.0,1.8,89.4
Viet Nam,Male,29.4,26.2,20.6,12.9,12.8,17.1,13.5,2.5,135.0
Viet Nam,Female,17.1,10.5,10.1,4.0,2.6,3.5,4.2,1.0,53.0
Yemen,Both sexes,13.1,9.7,8.3,9.1,12.2,17.5,17.7,4.5,92.1
Yemen,Male,18.2,14.2,11.9,13.6,17.4,24.8,22.9,5.2,128.2
Yemen,Female,9.4,5.9,4.9,5.1,7.0,9.9,12.3,3.9,58.39999999999999
Zambia,Both sexes,79.7,48.9,25.8,18.7,11.8,8.9,8.3,2.8,204.9
Zambia,Male,152.1,79.0,38.7,27.3,17.0,13.3,12.3,3.9,343.6
Zambia,Female,31.2,26.4,16.0,11.2,6.9,4.6,4.2,1.6,102.1
Zimbabwe,Both sexes,205.7,81.5,41.3,29.4,19.2,13.7,11.3,4.6,406.7
Zimbabwe,Male,285.0,111.5,62.8,47.0,30.1,22.8,19.1,6.4,584.7
Zimbabwe,Female,152.4,59.4,26.4,16.0,9.4,5.5,3.8,2.7,275.6
